model,device,dtype,batch_size,length,dim,level,benchmark_level,mae,mape,rmse,time
monomial_approx,cpu,float64,4,10,2,2,21,0.00462842983874219,0.0055882860298526755,0.03367544397265073,0.019715781440027058
monomial_approx,cpu,float64,4,10,2,3,21,0.0005799174931400558,0.0007187550471229756,0.005038566699087018,0.020086362026631832
monomial_approx,cpu,float64,4,10,2,4,21,9.333094936177233e-06,1.0604688415983104e-05,7.592596609860287e-05,0.022405413910746574
monomial_approx,cpu,float64,4,10,2,5,21,4.939290586744582e-07,6.134778651950608e-07,4.668865491227925e-06,0.02222845226060599
monomial_approx,cpu,float64,4,10,2,6,21,4.900700636967237e-09,5.253446742573159e-09,5.2237904680124275e-08,0.026347149163484573
monomial_approx,cpu,float64,4,10,2,7,21,1.46823525559725e-10,1.811630759505621e-10,1.4644960117347173e-09,0.024688850389793515
monomial_approx,cpu,float64,4,10,2,8,21,9.863151961830852e-13,1.0206864391051104e-12,1.2918413222085156e-11,0.022931165411137044
monomial_approx,cpu,float64,4,10,2,9,21,1.887379141862766e-14,2.3031114345463987e-14,1.9654541319073578e-13,0.024782215245068073
monomial_approx,cpu,float64,4,10,2,10,21,4.787836793695988e-16,5.184576940751904e-16,2.5631488888267375e-15,0.026129625155590475
monomial_approx,cpu,float64,4,10,2,11,21,3.8163916471489756e-16,4.117928633929345e-16,1.926164957854745e-15,0.027010891120880842
monomial_approx,cpu,float64,4,10,2,12,21,3.8163916471489756e-16,4.117928633929345e-16,1.926164957854745e-15,0.028739204863086343
monomial_approx,cpu,float64,4,10,2,13,21,3.8163916471489756e-16,4.117928633929345e-16,1.926164957854745e-15,0.029258156311698258
monomial_approx,cpu,float64,4,10,2,14,21,3.8163916471489756e-16,4.117928633929345e-16,1.926164957854745e-15,0.030241838889196515
monomial_approx,cpu,float64,4,10,2,15,21,3.8163916471489756e-16,4.117928633929345e-16,1.926164957854745e-15,0.04373324115294963
monomial_approx,cpu,float64,4,10,2,16,21,3.8163916471489756e-16,4.117928633929345e-16,1.926164957854745e-15,0.034709623316302896
monomial_approx,cpu,float64,4,10,2,17,21,3.8163916471489756e-16,4.117928633929345e-16,1.926164957854745e-15,0.03247701877262443
monomial_interp,cpu,float64,4,10,2,2,21,1.3010050783343607e-05,1.456040419122311e-05,7.545937005942658e-05,0.03275602660141885
monomial_interp,cpu,float64,4,10,2,3,21,4.1199298658756156e-07,4.1946549111053027e-07,2.981621916988279e-06,0.035935510182753205
monomial_interp,cpu,float64,4,10,2,4,21,3.954360727753681e-10,4.2826548828598233e-10,2.7269217478530234e-09,0.04302903020288795
monomial_interp,cpu,float64,4,10,2,5,21,4.312765422564979e-12,4.5620708609306415e-12,4.094537689545286e-11,0.04915042547509074
monomial_interp,cpu,float64,4,10,2,6,21,3.927413949611491e-15,4.2912657700042835e-15,2.4253736129965488e-14,0.05349748057778925
monomial_interp,cpu,float64,4,10,2,7,21,2.4077961846558082e-15,2.688602755913949e-15,1.1015851938726798e-14,0.04819642286747694
monomial_interp,cpu,float64,4,10,2,8,21,2.699229728619912e-15,3.0564792386482404e-15,1.3546085859959466e-14,0.06152647873386741
monomial_interp,cpu,float64,4,10,2,9,21,2.5604518505417673e-15,2.8558726372808847e-15,1.223413383995953e-14,0.07477506378199905
monomial_interp,cpu,float64,4,10,2,10,21,3.066991105526995e-15,3.557243860046057e-15,1.3914598392522225e-14,0.08818365458864719
monomial_interp,cpu,float64,4,10,2,11,21,3.70536934468646e-15,4.308648369169399e-15,1.7501425609228123e-14,0.07359034242108464
monomial_interp,cpu,float64,4,10,2,12,21,3.184952301893418e-15,3.797702437564583e-15,1.5917284191847226e-14,0.1267599114216864
monomial_interp,cpu,float64,4,10,2,13,21,2.5118795932144167e-15,3.0233171557157675e-15,1.2334972521027465e-14,0.12203038088046014
monomial_interp,cpu,float64,4,10,2,14,21,2.7131075164277263e-15,3.0469488106724954e-15,1.2475567779054259e-14,0.11527278309222311
monomial_interp,cpu,float64,4,10,2,15,21,2.6645352591003757e-15,3.097155763044868e-15,1.2767082068401203e-14,0.1188020862173289
monomial_interp,cpu,float64,4,10,2,16,21,3.4416913763379853e-15,3.979194410488919e-15,1.5874248184135744e-14,0.14197450375650078
monomial_interp,cpu,float64,4,10,2,17,21,2.3245294578089215e-15,2.6102784483457427e-15,1.1263703665868435e-14,0.13130887527950108
sigkerax,cpu,float64,4,10,2,1,21,0.010222840150308964,0.011032381460549266,0.06515997287189466,0.027051953715272248
sigkerax,cpu,float64,4,10,2,2,21,0.0010275112277030388,0.0010643583817885973,0.006555187610739467,0.030981311690993607
sigkerax,cpu,float64,4,10,2,3,21,0.0002713989994452548,0.0002784848217670703,0.001665611960164017,0.030081004020757973
sigkerax,cpu,float64,4,10,2,4,21,0.00011449472678781714,0.00012230242341456515,0.0006344597501910484,0.032112681423313916
sigkerax,cpu,float64,4,10,2,5,21,6.0232514938293735e-05,6.744996125868906e-05,0.00031774997526957797,0.030530843185260892
sigkerax,cpu,float64,4,10,2,6,21,3.579329592711539e-05,4.180608591854853e-05,0.00019578362398577358,0.03363597427960485
sigkerax,cpu,float64,4,10,2,7,21,2.4123681799326224e-05,2.8883044796063954e-05,0.00013895796997805587,0.044661849969998
sigkerax,cpu,float64,4,10,2,8,21,1.882618905145461e-05,2.2382332580670672e-05,0.0001073801614828232,0.03832582093309611
sigkerax,cpu,float64,4,10,2,9,21,1.5180558939550948e-05,1.794836680066741e-05,8.717152945999719e-05,0.0395431345095858
sigkerax,cpu,float64,4,10,2,10,21,1.2515034221900756e-05,1.4733151410029543e-05,7.291855960556552e-05,0.04232516011688858
sigkerax,cpu,float64,4,10,2,11,21,1.0490105263924465e-05,1.2306973965423664e-05,6.221792503585372e-05,0.04698013758752495
sigkerax,cpu,float64,4,10,2,12,21,8.917114714887542e-06,1.0432284421771941e-05,5.3852965855344995e-05,0.04815712780691683
sigkerax,cpu,float64,4,10,2,13,21,7.671620956911651e-06,8.954301140670408e-06,4.713205986777027e-05,0.04882384033408016
sigkerax,cpu,float64,4,10,2,14,21,6.669022271213465e-06,7.768799883961519e-06,4.16240873387514e-05,0.055270588025450706
sigkerax,cpu,float64,4,10,2,15,21,5.850255611360156e-06,6.803576970530091e-06,3.70411363454636e-05,0.055780902854166925
sigkerax,cpu,float64,4,10,2,16,21,5.173114342622853e-06,6.007360710583771e-06,3.318101537175731e-05,0.05863542715087533
sigkerax,cpu,float64,4,10,2,17,21,4.606807999019136e-06,5.34294525813969e-06,2.989637796147101e-05,0.06427207379601896
monomial_approx,cpu,float64,4,10,3,2,16,0.00937010429189273,0.006851325963463292,0.06016572707841568,0.017338947276584804
monomial_approx,cpu,float64,4,10,3,3,16,0.0008056126360913296,0.0006150913703767006,0.00573920570532234,0.020146038033999503
monomial_approx,cpu,float64,4,10,3,4,16,1.8934927638117327e-05,1.3581639828229455e-05,0.00013797400779016605,0.022104115574620664
monomial_approx,cpu,float64,4,10,3,5,16,5.354889386632866e-07,3.9576292897105686e-07,4.3065561532877355e-06,0.02173172263428569
monomial_approx,cpu,float64,4,10,3,6,16,8.372694842995188e-09,5.995785753776837e-09,6.681368327401154e-08,0.02328330127056688
monomial_approx,cpu,float64,4,10,3,7,16,1.24177633453737e-10,9.032226941756681e-11,1.0803333809144816e-09,0.023578466149047017
monomial_approx,cpu,float64,4,10,3,8,16,1.3011605681789717e-12,9.321071183665506e-13,1.1123322155010061e-11,0.023208567523397505
monomial_approx,cpu,float64,4,10,3,9,16,1.2184697695261093e-14,8.880777028432588e-15,1.1001004940383856e-13,0.024916878202930093
monomial_approx,cpu,float64,4,10,3,10,16,1.0200174038743626e-15,8.266631942850606e-16,5.585426000867096e-15,0.026534161530435085
monomial_approx,cpu,float64,4,10,3,11,16,1.0477729794899915e-15,8.473460920516005e-16,5.759265219992454e-15,0.0284073397051543
monomial_approx,cpu,float64,4,10,3,12,16,1.0477729794899915e-15,8.473460920516005e-16,5.759265219992454e-15,0.026787279755808413
monomial_approx,cpu,float64,4,10,3,13,16,1.0477729794899915e-15,8.473460920516005e-16,5.759265219992454e-15,0.028279676102101803
monomial_approx,cpu,float64,4,10,3,14,16,1.0477729794899915e-15,8.473460920516005e-16,5.759265219992454e-15,0.026293771108612418
monomial_approx,cpu,float64,4,10,3,15,16,1.0477729794899915e-15,8.473460920516005e-16,5.759265219992454e-15,0.02934500970877707
monomial_approx,cpu,float64,4,10,3,16,16,1.0477729794899915e-15,8.473460920516005e-16,5.759265219992454e-15,0.04008895088918507
monomial_approx,cpu,float64,4,10,3,17,16,1.0477729794899915e-15,8.473460920516005e-16,5.759265219992454e-15,0.02807234018109739
monomial_interp,cpu,float64,4,10,3,2,16,2.060213996546434e-05,1.5820034800487407e-05,0.00012876993196500253,0.034083057078532875
monomial_interp,cpu,float64,4,10,3,3,16,9.152434936043896e-07,6.694465610513546e-07,5.810755844974042e-06,0.035784754902124405
monomial_interp,cpu,float64,4,10,3,4,16,7.716066952045963e-10,5.598837434434505e-10,5.587583529989202e-09,0.04227661923505366
monomial_interp,cpu,float64,4,10,3,5,16,7.1604250306833706e-12,5.1051222415445146e-12,5.0641013083911104e-11,0.045068543520756066
monomial_interp,cpu,float64,4,10,3,6,16,4.822531263215524e-15,4.1347753932897225e-15,2.9401632040656246e-14,0.05065581121016294
monomial_interp,cpu,float64,4,10,3,7,16,3.4208746946262636e-15,3.0128639216850596e-15,1.5819412006447077e-14,0.04126590339001268
monomial_interp,cpu,float64,4,10,3,8,16,2.8380076066980564e-15,2.6534279766460078e-15,1.2610198339449474e-14,0.057406824780628085
monomial_interp,cpu,float64,4,10,3,9,16,3.2959746043559335e-15,2.9401436607578407e-15,1.5302160088776867e-14,0.07020341872703284
monomial_interp,cpu,float64,4,10,3,10,16,6.8209327075408055e-15,5.614659953216379e-15,3.5267890585567864e-14,0.08157803968060762
monomial_interp,cpu,float64,4,10,3,11,16,3.677613769070831e-15,3.2689013404375225e-15,1.6491951036133717e-14,0.085615249350667
monomial_interp,cpu,float64,4,10,3,12,16,3.733124920302089e-15,3.471239517861296e-15,1.716434957103705e-14,0.12213019968476146
monomial_interp,cpu,float64,4,10,3,13,16,2.615963001773025e-15,2.4277362481253803e-15,1.2634611182876114e-14,0.12313443690072745
monomial_interp,cpu,float64,4,10,3,14,16,3.5318969970887792e-15,3.0365097158645866e-15,1.690348736389563e-14,0.1272909474791959
monomial_interp,cpu,float64,4,10,3,15,16,2.55351295663786e-15,2.5998901157145002e-15,1.2781555581798872e-14,0.13425915176048875
monomial_interp,cpu,float64,4,10,3,16,16,3.3514857555871913e-15,3.1917313604027333e-15,1.5227063944725425e-14,0.12922786048147827
monomial_interp,cpu,float64,4,10,3,17,16,3.1780134079895106e-15,2.882837532024531e-15,1.4025768721873672e-14,0.13206667511258274
sigkerax,cpu,float64,4,10,3,1,16,0.010924440107526252,0.009217679013313851,0.05400674967189526,0.027681945939548314
sigkerax,cpu,float64,4,10,3,2,16,0.0015548940295076821,0.001258857882609865,0.008076435987097449,0.02770476054865867
sigkerax,cpu,float64,4,10,3,3,16,0.00040776963032222724,0.0003280220619588766,0.0020426839992474925,0.030274736345745623
sigkerax,cpu,float64,4,10,3,4,16,0.00015277233868630363,0.00012275944860942612,0.0007376267929281051,0.03227043687365949
sigkerax,cpu,float64,4,10,3,5,16,7.290350882468294e-05,6.033633178996669e-05,0.0003631211696242595,0.03305745974648744
sigkerax,cpu,float64,4,10,3,6,16,4.343132904810476e-05,3.611963117254618e-05,0.00023578643261940334,0.04437342565506697
sigkerax,cpu,float64,4,10,3,7,16,3.101412826125166e-05,2.5646601448726348e-05,0.00018075597838197561,0.03588476777076721
sigkerax,cpu,float64,4,10,3,8,16,2.5725196608331058e-05,2.0909571934311674e-05,0.00014894019536915252,0.03858085919637233
sigkerax,cpu,float64,4,10,3,9,16,2.205038208825949e-05,1.7665213079924325e-05,0.00012653913912739917,0.039516659919172525
sigkerax,cpu,float64,4,10,3,10,16,1.9207577691082722e-05,1.5212672902750648e-05,0.00010921406571582876,0.04297254711855203
sigkerax,cpu,float64,4,10,3,11,16,1.683665679193258e-05,1.3258921457680406e-05,9.524285151846169e-05,0.04289434477686882
sigkerax,cpu,float64,4,10,3,12,16,1.4843042507255155e-05,1.165292399886475e-05,8.373655962376624e-05,0.0635509048588574
sigkerax,cpu,float64,4,10,3,13,16,1.3149040652742083e-05,1.0298110927293222e-05,7.41358700889799e-05,0.05082851357292384
sigkerax,cpu,float64,4,10,3,14,16,1.170861631725334e-05,9.152213403390072e-06,6.604667583252238e-05,0.05271927162539214
sigkerax,cpu,float64,4,10,3,15,16,1.0479611519155496e-05,8.178489563872079e-06,5.917486087496445e-05,0.053801107220351696
sigkerax,cpu,float64,4,10,3,16,16,9.42605385925721e-06,7.346465616057087e-06,5.329429543677982e-05,0.06486561230849475
sigkerax,cpu,float64,4,10,3,17,16,8.518152719155792e-06,6.631351683018077e-06,4.822808672303446e-05,0.06560048216488212
monomial_approx,cpu,float64,4,50,2,2,21,0.15432364132483492,0.156693460517346,0.7360064229909077,0.02655764017254114
monomial_approx,cpu,float64,4,50,2,3,21,0.00785646800330917,0.007883743423258998,0.042459921011626336,0.04685908404644579
monomial_approx,cpu,float64,4,50,2,4,21,0.00033142152928088836,0.0003415330037879981,0.0016117344235236377,0.05005867453292012
monomial_approx,cpu,float64,4,50,2,5,21,7.240893033479134e-06,7.5361606258416e-06,4.6046014365664e-05,0.06806317693553865
monomial_approx,cpu,float64,4,50,2,6,21,1.5683769130636627e-07,1.6410028970282033e-07,7.914602631573885e-07,0.09402328438591212
monomial_approx,cpu,float64,4,50,2,7,21,2.3045341399074992e-09,2.4611690881092615e-09,1.5419879097167182e-08,0.09562750835902989
monomial_approx,cpu,float64,4,50,2,8,21,2.7045761463728724e-11,2.9033806080576735e-11,1.4999634382568038e-10,0.10418652486987412
monomial_approx,cpu,float64,4,50,2,9,21,3.1165348080008926e-13,3.422865934833594e-13,2.1220764557022477e-12,0.11586194741539657
monomial_approx,cpu,float64,4,50,2,10,21,1.4141465776162931e-14,1.4717702026876914e-14,6.122817071201655e-14,0.12673781183548272
monomial_approx,cpu,float64,4,50,2,11,21,1.3641865415081611e-14,1.398575621736638e-14,6.599433122563354e-14,0.14407171704806387
monomial_approx,cpu,float64,4,50,2,12,21,1.3676559884601147e-14,1.4034650875200146e-14,6.611627464336931e-14,0.18698619911447167
monomial_approx,cpu,float64,4,50,2,13,21,1.3676559884601147e-14,1.4034650875200146e-14,6.611627464336931e-14,0.17933445586822927
monomial_approx,cpu,float64,4,50,2,14,21,1.3676559884601147e-14,1.4034650875200146e-14,6.611627464336931e-14,0.20886162901297212
monomial_approx,cpu,float64,4,50,2,15,21,1.3676559884601147e-14,1.4034650875200146e-14,6.611627464336931e-14,0.2303464316064492
monomial_approx,cpu,float64,4,50,2,16,21,1.3676559884601147e-14,1.4034650875200146e-14,6.611627464336931e-14,0.2662108417134732
monomial_approx,cpu,float64,4,50,2,17,21,1.3676559884601147e-14,1.4034650875200146e-14,6.611627464336931e-14,0.2744734223233536
monomial_interp,cpu,float64,4,50,2,2,21,0.00036558672752456944,0.00037967299207493127,0.0019197481859332128,0.12657410860992968
monomial_interp,cpu,float64,4,50,2,3,21,8.992506483285201e-06,9.637197006492396e-06,4.6287916385330614e-05,0.160809671622701
monomial_interp,cpu,float64,4,50,2,4,21,1.4680928896171341e-08,1.5855166219480536e-08,8.41790355410462e-08,0.4492878126911819
monomial_interp,cpu,float64,4,50,2,5,21,9.497085756704493e-11,1.0722063872459741e-10,5.840943562865087e-10,0.6372173100244254
monomial_interp,cpu,float64,4,50,2,6,21,1.316169395693123e-13,1.3704214469032873e-13,6.71129460249352e-13,0.6899336249334738
monomial_interp,cpu,float64,4,50,2,7,21,9.72485980632598e-14,9.546515068614672e-14,3.9310379207949374e-13,0.6284481264883652
monomial_interp,cpu,float64,4,50,2,8,21,7.52592432817778e-14,7.33669616275645e-14,3.058221318997043e-13,1.0438770970795304
monomial_interp,cpu,float64,4,50,2,9,21,7.845807337147903e-14,7.72656876118144e-14,3.178227639875562e-13,1.1463119358522817
monomial_interp,cpu,float64,4,50,2,10,21,4.8155923693116165e-14,4.702541913572578e-14,2.384578664673739e-13,1.5104583876673132
monomial_interp,cpu,float64,4,50,2,11,21,3.0656033267462135e-14,3.0095324371141356e-14,1.407042892440941e-13,1.2774440862704068
monomial_interp,cpu,float64,4,50,2,12,21,4.417993748617732e-14,4.448384596179035e-14,1.945459553629041e-13,2.137964781722985
monomial_interp,cpu,float64,4,50,2,13,21,5.264538804894414e-14,5.1388785421426346e-14,2.1899207556414472e-13,2.1624019355513155
monomial_interp,cpu,float64,4,50,2,14,21,6.045164369083977e-14,6.014506878470024e-14,2.487222212798203e-13,2.352245609392412
monomial_interp,cpu,float64,4,50,2,15,21,7.360084763874397e-14,7.312458759291024e-14,2.9861270183482516e-13,2.5556584022706375
monomial_interp,cpu,float64,4,50,2,16,21,7.757683384568281e-14,7.684470380334045e-14,3.1683131442963665e-13,2.642831950332038
monomial_interp,cpu,float64,4,50,2,17,21,8.27463098040937e-14,8.156847905154878e-14,3.3399979807981827e-13,3.0606128748040646
sigkerax,cpu,float64,4,50,2,1,21,0.19095618377459053,0.18982899702339343,0.8923896803716816,0.0299049747409299
sigkerax,cpu,float64,4,50,2,2,21,0.015796553155256347,0.016115932282137656,0.07730341207037558,0.040659831021912396
sigkerax,cpu,float64,4,50,2,3,21,0.004420008237452054,0.004512608028787087,0.021863312773771723,0.06421155284624547
sigkerax,cpu,float64,4,50,2,4,21,0.0018297521764981048,0.0018632429910529985,0.00899770313113776,0.06996235740371048
sigkerax,cpu,float64,4,50,2,5,21,0.0009240978135892225,0.0009386251859349295,0.0045191058034558945,0.12189269508235157
sigkerax,cpu,float64,4,50,2,6,21,0.0005288877993330429,0.0005357730205331745,0.0025729004198543157,0.14399581751786172
sigkerax,cpu,float64,4,50,2,7,21,0.00033136471392949257,0.00033449383585171407,0.0015975892011007608,0.20150667848065495
sigkerax,cpu,float64,4,50,2,8,21,0.00022093411948015396,0.00022223390620978428,0.0010574515225998153,0.2515512243844569
sigkerax,cpu,float64,4,50,2,9,21,0.0001544573666896129,0.00015481691559142207,0.0007352799972485322,0.26427208725363016
sigkerax,cpu,float64,4,50,2,10,21,0.0001120920205823911,0.00011195399934558411,0.0005317687742829993,0.31046558637171984
sigkerax,cpu,float64,4,50,2,11,21,8.384019428517991e-05,8.343770344628888e-05,0.0003971917679837363,0.36589363566599786
sigkerax,cpu,float64,4,50,2,12,21,6.429090836693185e-05,6.375182260965565e-05,0.00030480419569593156,0.4181091383798048
sigkerax,cpu,float64,4,50,2,13,21,5.042715527771302e-05,4.981896272925353e-05,0.00023936644505302023,0.5081649527419358
sigkerax,cpu,float64,4,50,2,14,21,4.028430455278731e-05,3.964918220778093e-05,0.00019177075175604152,0.6122033407445997
sigkerax,cpu,float64,4,50,2,15,21,3.267960502568307e-05,3.204302710567482e-05,0.000156351576083096,0.7148534663720056
sigkerax,cpu,float64,4,50,2,16,21,2.686734719505729e-05,2.624396065631607e-05,0.00012946229216388196,0.7616294365143403
sigkerax,cpu,float64,4,50,2,17,21,2.2349847306556148e-05,2.1747827039072924e-05,0.00010868565099849572,0.929838813492097
monomial_approx,cpu,float64,4,50,3,2,16,0.5538109092340928,0.9462475982789779,2.5478927783167573,0.02501521655358374
monomial_approx,cpu,float64,4,50,3,3,16,0.05827475872132676,0.15035342732109647,0.38015945563487036,0.04604296025354415
monomial_approx,cpu,float64,4,50,3,4,16,0.0022418278205219447,0.006086857181419062,0.010724458139436491,0.047806285438127816
monomial_approx,cpu,float64,4,50,3,5,16,8.350023835754054e-05,0.0002800756897243311,0.0005366600784825845,0.056995483580976725
monomial_approx,cpu,float64,4,50,3,6,16,2.1396135464193597e-06,7.288865052288849e-06,1.1412495515239297e-05,0.08852381934411824
monomial_approx,cpu,float64,4,50,3,7,16,2.480460471084023e-07,1.05692685836131e-06,1.9126628639151784e-06,0.10123572591692209
monomial_approx,cpu,float64,4,50,3,8,16,2.4501998541204273e-07,1.1552776102369122e-06,1.919398140431534e-06,0.11079910141415894
monomial_approx,cpu,float64,4,50,3,9,16,2.4459964138509593e-07,1.1535226766021148e-06,1.9168327592165155e-06,0.1197039847029373
monomial_approx,cpu,float64,4,50,3,10,16,2.4460277256877633e-07,1.153549574721683e-06,1.9168525938104577e-06,0.13156093761790544
monomial_approx,cpu,float64,4,50,3,11,16,2.4460269351222336e-07,1.1535492042254728e-06,1.9168521286823183e-06,0.14642813464161009
monomial_approx,cpu,float64,4,50,3,12,16,2.446026952434774e-07,1.1535492190585748e-06,1.916852131179279e-06,0.17794142721686512
monomial_approx,cpu,float64,4,50,3,13,16,2.446026952434774e-07,1.1535492190585748e-06,1.916852131179279e-06,0.16949433262925595
monomial_approx,cpu,float64,4,50,3,14,16,2.446026952434774e-07,1.1535492190585748e-06,1.916852131179279e-06,0.20892886933870614
monomial_approx,cpu,float64,4,50,3,15,16,2.446026952434774e-07,1.1535492190585748e-06,1.916852131179279e-06,0.23642085562460124
monomial_approx,cpu,float64,4,50,3,16,16,2.446026952434774e-07,1.1535492190585748e-06,1.916852131179279e-06,0.255720135406591
monomial_approx,cpu,float64,4,50,3,17,16,2.446026952434774e-07,1.1535492190585748e-06,1.916852131179279e-06,0.2716234690742567
monomial_interp,cpu,float64,4,50,3,2,16,0.0013390860761102845,0.003618338884193333,0.009462639693625772,0.12419144809246063
monomial_interp,cpu,float64,4,50,3,3,16,5.62511575768216e-05,0.00011673465344739729,0.0003245428717439768,0.16331873869057745
monomial_interp,cpu,float64,4,50,3,4,16,3.018845507237605e-07,1.2053940959980062e-06,2.1835154754455604e-06,0.4402419488178566
monomial_interp,cpu,float64,4,50,3,5,16,2.4473105541406026e-07,1.1532284352195418e-06,1.920796774917872e-06,0.6936879531713203
monomial_interp,cpu,float64,4,50,3,6,16,2.4460179686228156e-07,1.1535454157375098e-06,1.916852867142477e-06,0.7250740140443668
monomial_interp,cpu,float64,4,50,3,7,16,2.4460276424644045e-07,1.153549245035167e-06,1.916852301372622e-06,0.6685041969176382
monomial_interp,cpu,float64,4,50,3,8,16,2.4460272471903133e-07,1.1535492448090128e-06,1.9168521511912185e-06,1.1569676214130595
monomial_interp,cpu,float64,4,50,3,9,16,2.446027328219247e-07,1.153549235949776e-06,1.9168521685946006e-06,1.3014790306333452
monomial_interp,cpu,float64,4,50,3,10,16,2.446026159995743e-07,1.1535490971769638e-06,1.9168518214567255e-06,1.6555998721159995
monomial_interp,cpu,float64,4,50,3,11,16,2.446026989948169e-07,1.1535492110670426e-06,1.9168520818729673e-06,1.6322924077976495
monomial_interp,cpu,float64,4,50,3,12,16,2.446027037462245e-07,1.1535492126688272e-06,1.9168520968383154e-06,2.33298001694493
monomial_interp,cpu,float64,4,50,3,13,16,2.4460273461562876e-07,1.1535492542767064e-06,1.9168521819081577e-06,2.573366682860069
monomial_interp,cpu,float64,4,50,3,14,16,2.446027256193528e-07,1.1535492473999182e-06,1.916852182322037e-06,2.847251957282424
monomial_interp,cpu,float64,4,50,3,15,16,2.4460272764464247e-07,1.1535492451313569e-06,1.916852159900764e-06,2.690920024178922
monomial_interp,cpu,float64,4,50,3,16,16,2.446027360970826e-07,1.1535492903947984e-06,1.9168522281386514e-06,2.797353617846966
monomial_interp,cpu,float64,4,50,3,17,16,2.4460274773707713e-07,1.153549269951777e-06,1.9168522025513908e-06,3.0893833385780454
sigkerax,cpu,float64,4,50,3,1,16,0.3558039550994701,0.9367522057183384,1.9438303709403342,0.0344900821801275
sigkerax,cpu,float64,4,50,3,2,16,0.05439196093511998,0.10623572843806728,0.26583367502587685,0.043761465698480606
sigkerax,cpu,float64,4,50,3,3,16,0.016291691024156764,0.029995073839410472,0.07913281629783055,0.05646564043127
sigkerax,cpu,float64,4,50,3,4,16,0.006704337637884887,0.011977917492458471,0.032690361036089015,0.0873051022645086
sigkerax,cpu,float64,4,50,3,5,16,0.003323783790910778,0.005788081626409156,0.016360597034966083,0.11320174089632928
sigkerax,cpu,float64,4,50,3,6,16,0.0018574344949267513,0.00315210171881399,0.009282217186483708,0.1443717908114195
sigkerax,cpu,float64,4,50,3,7,16,0.001133908923964702,0.0019222700307007642,0.005756559953319231,0.193567052250728
sigkerax,cpu,float64,4,50,3,8,16,0.0007379159215431834,0.001268480306295939,0.0038177706838220925,0.2460987523663789
sigkerax,cpu,float64,4,50,3,9,16,0.0005170814167588375,0.0008821471673845938,0.0026693959421414397,0.2612437439383939
sigkerax,cpu,float64,4,50,3,10,16,0.00038337273365987665,0.00063948214195563,0.001948510680359226,0.31754955102223903
sigkerax,cpu,float64,4,50,3,11,16,0.0002936088478325211,0.0004782671418241802,0.001474212651695411,0.3778234648052603
sigkerax,cpu,float64,4,50,3,12,16,0.00023044196618680467,0.0003667264856941586,0.00114971896858525,0.4244190180907026
sigkerax,cpu,float64,4,50,3,13,16,0.00018461768434575605,0.00028714608423221105,0.00092020353461982,0.5333620940800756
sigkerax,cpu,float64,4,50,3,14,16,0.0001505094069522905,0.00022887562552135926,0.0007531092825401399,0.5785269913030788
sigkerax,cpu,float64,4,50,3,15,16,0.00012455762486503642,0.00018525070780486886,0.0006283241419818673,0.7124451539712027
sigkerax,cpu,float64,4,50,3,16,16,0.00010445445762454538,0.00015204944774108327,0.0005329992677279916,0.7875610045157373
sigkerax,cpu,float64,4,50,3,17,16,8.866683891278065e-05,0.00012655271553247912,0.0004586843075050052,0.9281620740657672
monomial_approx,cpu,float64,4,100,2,2,21,1.4217379010274402,3.70801989665307,7.296893724737173,0.04288161254953593
monomial_approx,cpu,float64,4,100,2,3,21,0.07867631051206497,0.1993467485460234,0.43748671640001735,0.11181370727717876
monomial_approx,cpu,float64,4,100,2,4,21,0.002249517549246417,0.005653892593287443,0.013981071151677469,0.1230381103232503
monomial_approx,cpu,float64,4,100,2,5,21,5.588879598761136e-05,8.132238523041124e-05,0.0003815033889646506,0.2024884201819077
monomial_approx,cpu,float64,4,100,2,6,21,1.1075200721192419e-06,2.1182078199544393e-06,8.949891154952776e-06,0.2559233291540295
monomial_approx,cpu,float64,4,100,2,7,21,1.8436788613157562e-08,2.585395660149528e-08,1.5381529199553365e-07,0.2829225123859942
monomial_approx,cpu,float64,4,100,2,8,21,2.83320355023986e-10,4.2543972051720644e-10,2.397780884106163e-09,0.3544830841710791
monomial_approx,cpu,float64,4,100,2,9,21,4.489265903462325e-11,4.956198280896896e-11,3.5416669503055366e-10,0.36641472682822496
monomial_approx,cpu,float64,4,100,2,10,21,4.35197416298605e-11,4.741883195960823e-11,3.487785605988543e-10,0.48421889229211956
monomial_approx,cpu,float64,4,100,2,11,21,4.3471601318678665e-11,4.689421323589054e-11,3.4883180688781367e-10,0.5617819243343547
monomial_approx,cpu,float64,4,100,2,12,21,4.3467198590496636e-11,4.6880923713437986e-11,3.488090656360368e-10,0.6857567399274558
monomial_approx,cpu,float64,4,100,2,13,21,4.347164295204209e-11,4.689424718886437e-11,3.4883195635013386e-10,0.6987225975608453
monomial_approx,cpu,float64,4,100,2,14,21,4.346376036856725e-11,4.6886201459285486e-11,3.48830975053597e-10,0.8175121888052672
monomial_approx,cpu,float64,4,100,2,15,21,4.347164295204209e-11,4.689424718886437e-11,3.4883195635013386e-10,0.949949040892534
monomial_approx,cpu,float64,4,100,2,16,21,4.348780363594429e-11,4.69068110740716e-11,3.4886419938422754e-10,1.1000154364155605
monomial_approx,cpu,float64,4,100,2,17,21,4.347147121441797e-11,4.68937300472423e-11,3.488318450670055e-10,1.0013881496852264
monomial_interp,cpu,float64,4,100,2,2,21,0.0007524735952188361,0.0009379614279090627,0.003981874498107666,0.4084114098222926
monomial_interp,cpu,float64,4,100,2,3,21,2.8892474143771968e-05,4.1072357559204286e-05,0.00015336120644691113,0.6753908626269549
monomial_interp,cpu,float64,4,100,2,4,21,3.0020204412617435e-08,3.761125233631621e-08,1.6002546587454045e-07,1.5641984964022413
monomial_interp,cpu,float64,4,100,2,5,21,3.6551800648709776e-10,4.687014316675055e-10,1.7960633462578082e-09,1.7750539400149137
monomial_interp,cpu,float64,4,100,2,6,21,4.350035956446341e-11,4.681492700107702e-11,3.4898355581083163e-10,2.4275273305829614
monomial_interp,cpu,float64,4,100,2,7,21,4.3456311465961406e-11,4.654860965183532e-11,3.4878908414225625e-10,2.262320283567533
monomial_interp,cpu,float64,4,100,2,8,21,4.352427966647365e-11,4.715196931121814e-11,3.488643451766495e-10,4.2177242785692215
monomial_interp,cpu,float64,4,100,2,9,21,4.3466275717607417e-11,4.6966895927242575e-11,3.487549085156408e-10,4.969818440382369
monomial_interp,cpu,float64,4,100,2,10,21,4.3356365372893e-11,4.755320161079433e-11,3.4844552594938025e-10,5.728561869706027
monomial_interp,cpu,float64,4,100,2,11,21,4.3361221731264e-11,4.686182379684456e-11,3.48739952221218e-10,5.829846445121802
monomial_interp,cpu,float64,4,100,2,12,21,4.348064096271198e-11,4.726635728834982e-11,3.4873547093066206e-10,8.715753067866899
monomial_interp,cpu,float64,4,100,2,13,21,4.3576008253165543e-11,4.737930552532422e-11,3.4904475162031073e-10,9.425843999255449
monomial_interp,cpu,float64,4,100,2,14,21,4.344088977425997e-11,4.674150367878444e-11,3.4879119701139594e-10,10.059469272731803
monomial_interp,cpu,float64,4,100,2,15,21,4.348488062688727e-11,4.6881258617950886e-11,3.489479534766172e-10,10.099884549854323
monomial_interp,cpu,float64,4,100,2,16,21,4.3507653209318153e-11,4.6984173583246705e-11,3.490048822138784e-10,12.883365213405341
monomial_interp,cpu,float64,4,100,2,17,21,4.347268031668072e-11,4.669156187568304e-11,3.4885548726851437e-10,13.060699232737534
sigkerax,cpu,float64,4,100,2,1,21,0.6002476343603909,1.2869876397700215,2.7588097012716637,0.03809805097989738
sigkerax,cpu,float64,4,100,2,2,21,0.04100691007244308,0.09304092281002496,0.22115665232378315,0.07354468258563429
sigkerax,cpu,float64,4,100,2,3,21,0.011987346889070114,0.025646708702459296,0.06372040227435799,0.14771015278529376
sigkerax,cpu,float64,4,100,2,4,21,0.005002417721066387,0.010402550235592094,0.026466559677573567,0.26192244759295136
sigkerax,cpu,float64,4,100,2,5,21,0.0025133450950394678,0.005145089505822327,0.013348978846237718,0.32223991269711405
sigkerax,cpu,float64,4,100,2,6,21,0.0014231218704231505,0.0028796307351284705,0.007610729099650667,0.4640362150967121
sigkerax,cpu,float64,4,100,2,7,21,0.0008770977470459905,0.0017550423305958615,0.00472284071574268,0.6352082284865901
sigkerax,cpu,float64,4,100,2,8,21,0.0005767072234513382,0.0011391869921749409,0.003118881577541222,0.80683192552533
sigkerax,cpu,float64,4,100,2,9,21,0.0003986013507800085,0.0007772062602712195,0.00216030567359622,1.0823456448270008
sigkerax,cpu,float64,4,100,2,10,21,0.00028712855360396236,0.0005539930859709968,0.0015540335922398605,1.2979844477958977
sigkerax,cpu,float64,4,100,2,11,21,0.00021311546378181487,0.0004068479588362679,0.00115287127788634,1.528263229993172
sigkerax,cpu,float64,4,100,2,12,21,0.00016213603374182206,0.0003061998452348046,0.0008774629037324496,1.8639089422067627
sigkerax,cpu,float64,4,100,2,13,21,0.0001259333854179475,0.00023521505662460365,0.0006825015869410516,2.1526262387633324
sigkerax,cpu,float64,4,100,2,14,21,0.00010005476490919027,0.00018446481401858454,0.0005408654551385906,2.4700557173928246
sigkerax,cpu,float64,4,100,2,15,21,8.10100367369098e-05,0.00014721018341125585,0.00043565907019867654,2.885880053159781
sigkerax,cpu,float64,4,100,2,16,21,6.647100831290529e-05,0.00011902450351744569,0.00035599395760255257,3.307335331104696
sigkerax,cpu,float64,4,100,2,17,21,5.51841697935861e-05,9.734091277915909e-05,0.0002946441601258421,3.08063630934339
monomial_approx,cpu,float64,4,100,3,2,16,1.599902850044479,1.5844315277962793,8.878291978491502,0.04202229133807123
monomial_approx,cpu,float64,4,100,3,3,16,0.07281930552619809,0.06874656688772662,0.3468574562568104,0.1263497294858098
monomial_approx,cpu,float64,4,100,3,4,16,0.005660507614037098,0.004368715538514333,0.03459942688040636,0.126257510506548
monomial_approx,cpu,float64,4,100,3,5,16,0.000106179100728538,7.589552787454557e-05,0.0007449771585899311,0.23028319864533842
monomial_approx,cpu,float64,4,100,3,6,16,1.1256769284255508e-05,8.047285870424027e-06,8.582585993257747e-05,0.2640105716418475
monomial_approx,cpu,float64,4,100,3,7,16,6.198302259945165e-06,5.381273699150488e-06,7.148930071695778e-05,0.2831206788541749
monomial_approx,cpu,float64,4,100,3,8,16,6.227070558108977e-06,5.38748549907178e-06,7.135587134330561e-05,0.3476731877308339
monomial_approx,cpu,float64,4,100,3,9,16,6.228803784130016e-06,5.387868161146432e-06,7.135930412582994e-05,0.3596994417021051
monomial_approx,cpu,float64,4,100,3,10,16,6.228822563129205e-06,5.387873579235954e-06,7.135926636835702e-05,0.48490737250540406
monomial_approx,cpu,float64,4,100,3,11,16,6.228823075854484e-06,5.3878737194642805e-06,7.135926705277209e-05,0.5664130587829277
monomial_approx,cpu,float64,4,100,3,12,16,6.22882308397299e-06,5.387873729846734e-06,7.135926697854815e-05,0.7017922395607457
monomial_approx,cpu,float64,4,100,3,13,16,6.228823076662865e-06,5.387873716443813e-06,7.135926699308086e-05,0.6895083835115656
monomial_approx,cpu,float64,4,100,3,14,16,6.228823080118434e-06,5.387873717455615e-06,7.135926699598774e-05,0.8215361718321219
monomial_approx,cpu,float64,4,100,3,15,16,6.228823076662865e-06,5.387873716443813e-06,7.135926699308086e-05,0.9625435722991824
monomial_approx,cpu,float64,4,100,3,16,16,6.228823067552097e-06,5.38787370772942e-06,7.135926692207273e-05,1.100565940956585
monomial_approx,cpu,float64,4,100,3,17,16,6.228823076652457e-06,5.387873716531012e-06,7.135926699302012e-05,1.0305512342602015
monomial_interp,cpu,float64,4,100,3,2,16,0.0012984401374114274,0.00121357324489503,0.00814805162944136,0.43861773319076747
monomial_interp,cpu,float64,4,100,3,3,16,5.373990138341292e-05,3.7959346444159405e-05,0.0002764656995128559,0.682684363448061
monomial_interp,cpu,float64,4,100,3,4,16,6.306097889690471e-06,5.46083299311049e-06,7.212379846861448e-05,1.6433610823005438
monomial_interp,cpu,float64,4,100,3,5,16,6.229106123602918e-06,5.387982391480242e-06,7.136032745591702e-05,1.9441403499804437
monomial_interp,cpu,float64,4,100,3,6,16,6.228824202925143e-06,5.387874502881302e-06,7.135927925649542e-05,2.5942636732943356
monomial_interp,cpu,float64,4,100,3,7,16,6.228823034658271e-06,5.387873670376538e-06,7.135926712830435e-05,2.436367148067802
monomial_interp,cpu,float64,4,100,3,8,16,6.228823062160577e-06,5.387873702152387e-06,7.135926703877314e-05,4.675675290403888
monomial_interp,cpu,float64,4,100,3,9,16,6.228823033579273e-06,5.387873675224657e-06,7.135926715642134e-05,5.266497549484484
monomial_interp,cpu,float64,4,100,3,10,16,6.2288229881364565e-06,5.387873609139016e-06,7.135926685637812e-05,5.780696273664944
monomial_interp,cpu,float64,4,100,3,11,16,6.228823038346293e-06,5.38787367719734e-06,7.135926670527269e-05,5.279682275955565
monomial_interp,cpu,float64,4,100,3,12,16,6.228822970456155e-06,5.3878735987215525e-06,7.135926679461753e-05,8.382729556877166
monomial_interp,cpu,float64,4,100,3,13,16,6.22882298428537e-06,5.38787364739973e-06,7.135926696080919e-05,9.53922100411728
monomial_interp,cpu,float64,4,100,3,14,16,6.228823029190422e-06,5.3878736804808055e-06,7.13592670072767e-05,10.841266805655323
monomial_interp,cpu,float64,4,100,3,15,16,6.228823026151187e-06,5.38787371836143e-06,7.13592669708799e-05,10.605643690563738
monomial_interp,cpu,float64,4,100,3,16,16,6.228823007211476e-06,5.387873656514638e-06,7.13592670319744e-05,13.402776974369772
monomial_interp,cpu,float64,4,100,3,17,16,6.2288230303179926e-06,5.387873659287065e-06,7.135926711490086e-05,13.050165564287454
sigkerax,cpu,float64,4,100,3,1,16,0.601909856620598,0.6093360071809611,2.755331405897998,0.04154049896169454
sigkerax,cpu,float64,4,100,3,2,16,0.06353207499483465,0.04709835553400284,0.33959156115241695,0.09414815751370043
sigkerax,cpu,float64,4,100,3,3,16,0.02144943375180356,0.014852911818173605,0.11551376154748813,0.1389920066576451
sigkerax,cpu,float64,4,100,3,4,16,0.009225072012199034,0.00632900957791196,0.04959965826786411,0.2542143426835537
sigkerax,cpu,float64,4,100,3,5,16,0.004683614412055129,0.0031890338116790937,0.025219604423019914,0.317324535921216
sigkerax,cpu,float64,4,100,3,6,16,0.002665064423021276,0.0018012012336530636,0.014392726505792496,0.4297739291796461
sigkerax,cpu,float64,4,100,3,7,16,0.0016447244806315833,0.0011030316534571007,0.008918979991046282,0.6134478733874857
sigkerax,cpu,float64,4,100,3,8,16,0.0010827608920292373,0.0007282534257369665,0.005877329147852868,0.7960831247037277
sigkerax,cpu,float64,4,100,3,9,16,0.0007509417713016699,0.0005136318231185018,0.0040620067838856855,1.0620961609529331
sigkerax,cpu,float64,4,100,3,10,16,0.0005406269199331667,0.0003761619329074526,0.002916508520189067,1.2262594508938491
sigkerax,cpu,float64,4,100,3,11,16,0.0004012573016155818,0.0002840955804146248,0.002160711449001519,1.5596299857134
sigkerax,cpu,float64,4,100,3,12,16,0.000305474712493245,0.00022014412921859315,0.0016435158911077576,1.8644355508731678
sigkerax,cpu,float64,4,100,3,13,16,0.00023761932258439117,0.0001743490154816262,0.0012786923272910646,2.155265029054135
sigkerax,cpu,float64,4,100,3,14,16,0.00018829897219798178,0.00014069981314270108,0.0010146736828218353,2.3893489197362214
sigkerax,cpu,float64,4,100,3,15,16,0.0001516542823280509,0.00011542320759294607,0.0008193802372985506,2.8092863952042535
sigkerax,cpu,float64,4,100,3,16,16,0.00012390462891901863,9.606917568042121e-05,0.0006721702354703234,3.282406315091066
sigkerax,cpu,float64,4,100,3,17,16,0.00010253858309799621,8.099987450108461e-05,0.0005593683395570851,2.961556920548901
monomial_approx,cpu,float64,4,200,2,2,21,26.697951846583614,37.66298145432346,283.8038754999098,0.10579019144643098
monomial_approx,cpu,float64,4,200,2,3,21,1.1973082712721959,1.8670008580173234,12.521805267019483,0.37892787787131965
monomial_approx,cpu,float64,4,200,2,4,21,0.059557031745455354,0.07482267694960086,0.5587164567841255,0.5018201771890745
monomial_approx,cpu,float64,4,200,2,5,21,0.001069493320864155,0.0014721239034982353,0.01094711903796726,0.764608824509196
monomial_approx,cpu,float64,4,200,2,6,21,3.0318906992168534e-05,3.70835572796014e-05,0.0002502385688260776,0.9620369676267728
monomial_approx,cpu,float64,4,200,2,7,21,2.6625760601167725e-07,3.4185202803955586e-07,2.2084389491514936e-06,1.1284903442719951
monomial_approx,cpu,float64,4,200,2,8,21,5.740091343214848e-09,6.997670171139721e-09,3.5747497543066524e-08,1.3551493231207132
monomial_approx,cpu,float64,4,200,2,9,21,1.4938318663657024e-09,1.7623876534402314e-09,1.337227972254143e-08,1.4553177704801783
monomial_approx,cpu,float64,4,200,2,10,21,1.5011130793246563e-09,1.7668217739197787e-09,1.3405322439853273e-08,1.8992614740272984
monomial_approx,cpu,float64,4,200,2,11,21,1.501569159810534e-09,1.7670671836616902e-09,1.3405611137906678e-08,2.0985882747918367
monomial_approx,cpu,float64,4,200,2,12,21,1.5015193541648153e-09,1.766872778331322e-09,1.34052534311679e-08,2.657726966193877
monomial_approx,cpu,float64,4,200,2,13,21,1.5015425994593934e-09,1.7668749640207853e-09,1.3405266216973553e-08,2.5108918169280514
monomial_approx,cpu,float64,4,200,2,14,21,1.5021032907097664e-09,1.7675867873495157e-09,1.3405381637237913e-08,3.05854820786044
monomial_approx,cpu,float64,4,200,2,15,21,1.5015425994593934e-09,1.7668749640207853e-09,1.3405266216973553e-08,3.6017250588629395
monomial_approx,cpu,float64,4,200,2,16,21,1.502124746637079e-09,1.7675706695815058e-09,1.3406950947981614e-08,4.210811673197895
monomial_approx,cpu,float64,4,200,2,17,21,1.5015430131909424e-09,1.7668738350164997e-09,1.3405268600539184e-08,4.195878286845982
monomial_interp,cpu,float64,4,200,2,2,21,0.002479121850275705,0.0026609164550911793,0.015024353250136844,2.2806648316327482
monomial_interp,cpu,float64,4,200,2,3,21,9.100384534419491e-05,9.724181705417935e-05,0.0005579065762875252,2.9682692197384313
monomial_interp,cpu,float64,4,200,2,4,21,1.453104434617422e-07,1.5882735370054274e-07,9.216519354900731e-07,5.848735495121218
monomial_interp,cpu,float64,4,200,2,5,21,1.7782133439336878e-09,2.057518230591738e-09,1.1083827583119864e-08,7.388557135825977
monomial_interp,cpu,float64,4,200,2,6,21,1.5033970943156838e-09,1.7686775951348012e-09,1.3406319130234692e-08,10.163816227461211
monomial_interp,cpu,float64,4,200,2,7,21,1.5028649791651305e-09,1.7683890487212109e-09,1.340665033749215e-08,9.422794744255953
monomial_interp,cpu,float64,4,200,2,8,21,1.5043978979223382e-09,1.7698818403547083e-09,1.3407501616841761e-08,18.25266233284492
monomial_interp,cpu,float64,4,200,2,9,21,1.5032387964616922e-09,1.7681073535972947e-09,1.340739114136256e-08,22.63233332138043
monomial_interp,cpu,float64,4,200,2,10,21,1.5029251402426391e-09,1.7682374728001147e-09,1.340601273133311e-08,29.36241373908706
monomial_interp,cpu,float64,4,200,2,11,21,1.5023759406679327e-09,1.7680196946264749e-09,1.3406421800236486e-08,23.165651193005033
monomial_interp,cpu,float64,4,200,2,12,21,1.5035293478987688e-09,1.7690511936536693e-09,1.3406101018968087e-08,41.01029265311081
monomial_interp,cpu,float64,4,200,2,13,21,1.5034986016598806e-09,1.7688524683405994e-09,1.3407658210794266e-08,44.015693470835686
monomial_interp,cpu,float64,4,200,2,14,21,1.503937866603744e-09,1.7698006442575983e-09,1.3407082070403258e-08,48.726661282009445
monomial_interp,cpu,float64,4,200,2,15,21,1.5030661654549804e-09,1.7688161072815176e-09,1.3406855440438968e-08,46.23749743774533
monomial_interp,cpu,float64,4,200,2,16,21,1.5037259857436647e-09,1.7697274230829869e-09,1.3405814372212386e-08,56.28776925278362
monomial_interp,cpu,float64,4,200,2,17,21,1.5034896314047863e-09,1.7692083032027205e-09,1.3407253149586194e-08,65.84758642164525
sigkerax,cpu,float64,4,200,2,1,21,1.5596508639841422,2.468028825888999,6.942185772478511,0.07668815820943564
sigkerax,cpu,float64,4,200,2,2,21,0.12386482455044723,0.154571512262337,0.6882960064452026,0.26082402223255485
sigkerax,cpu,float64,4,200,2,3,21,0.03898237398536164,0.0436610259306434,0.22721113945467455,0.42221706931013614
sigkerax,cpu,float64,4,200,2,4,21,0.016639591472606186,0.01797379969981368,0.09838052182662628,0.8096085051074624
sigkerax,cpu,float64,4,200,2,5,21,0.00852565574522924,0.009044321256679162,0.05069230281301978,1.291174236801453
sigkerax,cpu,float64,4,200,2,6,21,0.004930193622663782,0.005199732184262431,0.0293393932949523,1.9146436809096485
sigkerax,cpu,float64,4,200,2,7,21,0.0030970925731378697,0.00325239615932314,0.01843362500113915,2.524020803743042
sigkerax,cpu,float64,4,200,2,8,21,0.0020680442050531166,0.002163934816605141,0.012307471788356302,3.387700667255558
sigkerax,cpu,float64,4,200,2,9,21,0.001447108934140593,0.001509286702250861,0.008610373276829023,3.4286451843800023
sigkerax,cpu,float64,4,200,2,10,21,0.001050807151375197,0.0010925945556421186,0.0062510041450941365,4.329852808732539
sigkerax,cpu,float64,4,200,2,11,21,0.0007862744355647232,0.0008151131632320891,0.004676479076625668,5.229157570982352
sigkerax,cpu,float64,4,200,2,12,21,0.0006031067761988647,0.0006234007808343902,0.003586567588269501,6.0780153080122545
sigkerax,cpu,float64,4,200,2,13,21,0.00047234859653198184,0.00048682697182081646,0.00280876381103818,7.633485277066939
sigkerax,cpu,float64,4,200,2,14,21,0.0003765649010983559,0.00038698367746997663,0.0022391947508908602,8.672989171463996
sigkerax,cpu,float64,4,200,2,15,21,0.0003048334615537336,0.0003123584504226829,0.001812794158474936,9.76896035799291
sigkerax,cpu,float64,4,200,2,16,21,0.00025039031832408114,0.00025817392715910784,0.001487405186984921,11.491576943313703
sigkerax,cpu,float64,4,200,2,17,21,0.00020818448988349156,0.0002166675701267809,0.0012349057596420378,13.080808557220735
monomial_approx,cpu,float64,4,200,3,2,16,83.96059982142685,72.16207087148534,606.865741482174,0.10679258697200567
monomial_approx,cpu,float64,4,200,3,3,16,6.206123982679749,6.935764203789599,62.718679523839754,0.37811336177401245
monomial_approx,cpu,float64,4,200,3,4,16,0.1205233223578159,0.08985714571339715,1.0894860839897225,0.5266125567723066
monomial_approx,cpu,float64,4,200,3,5,16,0.00708572838992633,0.006666289480368912,0.0587660279549257,0.7675368755590171
monomial_approx,cpu,float64,4,200,3,6,16,0.0022096846475608035,0.001119108096134288,0.023096955774739435,0.9499928798759356
monomial_approx,cpu,float64,4,200,3,7,16,0.002164016915866991,0.0010806310048306809,0.022933777959853737,1.1258954947115853
monomial_approx,cpu,float64,4,200,3,8,16,0.0021628490721959832,0.0010794478853009975,0.022932979454044194,1.3626357273897156
monomial_approx,cpu,float64,4,200,3,9,16,0.002162842828571994,0.0010794442486028834,0.022932950858506225,1.4717933281790465
monomial_approx,cpu,float64,4,200,3,10,16,0.0021628427286408992,0.0010794441836330117,0.022932950711414112,1.8978289248188958
monomial_approx,cpu,float64,4,200,3,11,16,0.002162842726470493,0.0010794441826967136,0.02293295070756584,2.088675696402788
monomial_approx,cpu,float64,4,200,3,12,16,0.0021628427267689834,0.001079444182910926,0.022932950707446883,2.651966374134645
monomial_approx,cpu,float64,4,200,3,13,16,0.0021628427268363185,0.0010794441829904793,0.022932950707434684,2.5329570709727705
monomial_approx,cpu,float64,4,200,3,14,16,0.0021628427269693266,0.0010794441832612074,0.02293295070729635,3.0339588980423287
monomial_approx,cpu,float64,4,200,3,15,16,0.0021628427268363185,0.0010794441829904793,0.022932950707434684,3.5998244134243578
monomial_approx,cpu,float64,4,200,3,16,16,0.00216284272697757,0.0010794441830364358,0.022932950707508556,4.197013083379716
monomial_approx,cpu,float64,4,200,3,17,16,0.002162842726837255,0.0010794441829915613,0.022932950707441658,4.16026838182006
monomial_interp,cpu,float64,4,200,3,2,16,0.00396375971105422,0.0029664525700834584,0.02024682870673684,2.186544795986265
monomial_interp,cpu,float64,4,200,3,3,16,0.002119359836675744,0.00105819972553926,0.022846969153418197,2.7502691138070077
monomial_interp,cpu,float64,4,200,3,4,16,0.002162824446897183,0.0010793324019668352,0.022933368633344966,5.990584288374521
monomial_interp,cpu,float64,4,200,3,5,16,0.002162841903368698,0.0010794434959019719,0.022932949584517286,7.440276677021757
monomial_interp,cpu,float64,4,200,3,6,16,0.0021628427285640198,0.0010794441822570807,0.022932950708860558,10.181272722198628
monomial_interp,cpu,float64,4,200,3,7,16,0.002162842729330816,0.0010794441828711975,0.022932950709925855,9.155569018563256
monomial_interp,cpu,float64,4,200,3,8,16,0.002162842726564137,0.001079444180237652,0.022932950706369817,17.75273881049361
monomial_interp,cpu,float64,4,200,3,9,16,0.0021628427282287394,0.001079444182491791,0.02293295071062095,22.799272030824795
monomial_interp,cpu,float64,4,200,3,10,16,0.0021628427269310448,0.001079444182008521,0.022932950703604765,29.62141098547727
monomial_interp,cpu,float64,4,200,3,11,16,0.0021628427279700817,0.0010794441838382688,0.022932950705719882,23.319142009248026
monomial_interp,cpu,float64,4,200,3,12,16,0.0021628427298176975,0.0010794441837449508,0.02293295070922694,41.113172022858635
monomial_interp,cpu,float64,4,200,3,13,16,0.0021628427280132416,0.0010794441821409249,0.022932950706010535,43.90733615402132
monomial_interp,cpu,float64,4,200,3,14,16,0.0021628427287622883,0.0010794441819667075,0.022932950708521523,48.77038070408162
monomial_interp,cpu,float64,4,200,3,15,16,0.0021628427319598416,0.001079444185835129,0.022932950707730614,47.03048308007419
monomial_interp,cpu,float64,4,200,3,16,16,0.0021628427297850257,0.0010794441841778864,0.022932950708760596,61.61741912458092
monomial_interp,cpu,float64,4,200,3,17,16,0.0021628427283266576,0.0010794441822353025,0.02293295070829475,72.45376210834365
sigkerax,cpu,float64,4,200,3,1,16,3.0500584120342973,1.8618757114868,14.21706748781145,0.08091223100200295
sigkerax,cpu,float64,4,200,3,2,16,0.19887609288300706,0.1308445992703858,1.2031490029249194,0.2824717079056427
sigkerax,cpu,float64,4,200,3,3,16,0.06467908270068493,0.04313135138766894,0.3914133860570003,0.4514205976156518
sigkerax,cpu,float64,4,200,3,4,16,0.02898855513031446,0.019234177253585616,0.17189697507753496,0.8240024187834933
sigkerax,cpu,float64,4,200,3,5,16,0.01584643779886019,0.010388115690809404,0.09227412404300145,1.3936386089771986
sigkerax,cpu,float64,4,200,3,6,16,0.009996839804687442,0.006435360367856839,0.057841002713053334,1.788688307395205
sigkerax,cpu,float64,4,200,3,7,16,0.007029300409351565,0.004423255329835483,0.041380315692561814,2.5378618504619226
sigkerax,cpu,float64,4,200,3,8,16,0.0053740283557625786,0.0032972526808040404,0.03306562718541374,3.4584071841090918
sigkerax,cpu,float64,4,200,3,9,16,0.004382262242232485,0.0026204214026915563,0.02870983049015424,3.4530120809795335
sigkerax,cpu,float64,4,200,3,10,16,0.0037539832287776555,0.0021902610434043446,0.026346822706929438,4.369014515192248
sigkerax,cpu,float64,4,200,3,11,16,0.0033378226992005523,0.0019043963701810118,0.025014796908253208,4.928526392555796
sigkerax,cpu,float64,4,200,3,12,16,0.003051929390351909,0.0017073603995473373,0.024233562881221565,5.956475276150741
sigkerax,cpu,float64,4,200,3,13,16,0.0028494736054217665,0.0015673575631685538,0.023757717931989344,7.583269980386831
sigkerax,cpu,float64,4,200,3,14,16,0.0027023784095680688,0.0014652881768959954,0.02345788091829743,8.811973629519343
sigkerax,cpu,float64,4,200,3,15,16,0.0025931325632492057,0.0013892171843772868,0.02326334546233687,10.129330076742917
sigkerax,cpu,float64,4,200,3,16,16,0.002510440049434015,0.0013314307947489346,0.023134013950464716,11.91637729422655
sigkerax,cpu,float64,4,200,3,17,16,0.002446798614947801,0.0012867959775841966,0.023046319952574067,13.806308681727387
